{"cameraMode":{"drawMode":0,"name":"Shaded","section":"Shading Mode"},"sceneLighting":true,"audioPlay":false,"sceneViewState":{"showFog":true,"showMaterialUpdate":false,"showSkybox":false,"showFlares":true,"showImageEffects":true,"showParticleSystems":true},"in2DMode":false,"pivot":{"x":-4.305972576141357,"y":11.216310501098633,"z":6.772247791290283},"rotation":{"x":-0.042899392545223239,"y":-0.8799311518669128,"z":0.0810258537530899,"w":-0.46620088815689089},"size":166.8333282470703,"orthographic":false}