{"cameraMode":{"drawMode":0,"name":"Shaded","section":"Shading Mode"},"sceneLighting":false,"audioPlay":false,"sceneViewState":{"showFog":false,"showMaterialUpdate":false,"showSkybox":false,"showFlares":false,"showImageEffects":false,"showParticleSystems":true},"in2DMode":false,"pivot":{"x":-4.150277137756348,"y":35.36188888549805,"z":1.1018867492675782},"rotation":{"x":0.017902376130223275,"y":-0.3614840507507324,"z":-0.006911718286573887,"w":-0.9322200417518616},"size":49.97074508666992,"orthographic":false}