{"cameraMode":{"drawMode":0,"name":"Shaded","section":"Shading Mode"},"sceneLighting":false,"audioPlay":false,"sceneViewState":{"showFog":false,"showMaterialUpdate":false,"showSkybox":false,"showFlares":false,"showImageEffects":false,"showParticleSystems":true},"in2DMode":false,"pivot":{"x":-10.036022186279297,"y":13.498634338378907,"z":-1.7849807739257813},"rotation":{"x":-0.07149697840213776,"y":-0.14401888847351075,"z":0.010393391363322735,"w":-0.9869667887687683},"size":40.95634841918945,"orthographic":false}